<PAMDataset>
  <PAMRasterBand band="1">
    <Histograms>
      <HistItem>
        <HistMin>-0.5</HistMin>
        <HistMax>95.5</HistMax>
        <BucketCount>96</BucketCount>
        <IncludeOutOfRange>1</IncludeOutOfRange>
        <Approximate>0</Approximate>
        <HistCounts>34648296|0|0|0|0|0|0|0|0|0|0|202535|0|0|0|0|0|0|0|0|0|582610|468687|327227|168262|0|0|0|0|0|0|23314|0|0|0|0|0|0|0|0|0|1083191|117045|141212|0|0|0|0|0|0|0|0|22072|0|0|0|0|0|0|0|0|0|0|0|0|0|0|0|0|0|0|24668|0|0|0|0|0|0|0|0|0|283831|195979|0|0|0|0|0|0|0|507541|0|0|0|0|67025</HistCounts>
      </HistItem>
    </Histograms>
    <Metadata>
      <MDI key="STATISTICS_COUNT">38863495.000000</MDI>
      <MDI key="STATISTICS_COVARIANCES">264.3730419339821</MDI>
      <MDI key="STATISTICS_EXCLUDEDVALUES"></MDI>
      <MDI key="STATISTICS_MAXIMUM">95</MDI>
      <MDI key="STATISTICS_MEAN">4.7979656744701</MDI>
      <MDI key="STATISTICS_MEDIAN">0.000000</MDI>
      <MDI key="STATISTICS_MINIMUM">0</MDI>
      <MDI key="STATISTICS_SKIPFACTORX">1</MDI>
      <MDI key="STATISTICS_SKIPFACTORY">1</MDI>
      <MDI key="STATISTICS_STDDEV">16.259552328831</MDI>
    </Metadata>
  </PAMRasterBand>
</PAMDataset>
