<metadata xml:lang="en"><Esri><CreaDate>20190819</CreaDate><CreaTime>13453100</CreaTime><ArcGISFormat>1.0</ArcGISFormat><SyncOnce>FALSE</SyncOnce><DataProperties><lineage><Process ToolSource="c:\arcgis\desktop10.6\ArcToolbox\Toolboxes\Data Management Tools.tbx\RegisterWithGeodatabase" Date="20190819" Time="134531">RegisterWithGeodatabase "Database Connections\\GISPRD_GISDATA.sde\RMSSEG" OBJECTID GEOMETRY POLYLINE "PROJCS['WGS_1984_Web_Mercator_Auxiliary_Sphere',GEOGCS['GCS_WGS_1984',DATUM['D_WGS_1984',SPHEROID['WGS_1984',6378137.0,298.257223563]],PRIMEM['Greenwich',0.0],UNIT['Degree',0.0174532925199433]],PROJECTION['Mercator_Auxiliary_Sphere'],PARAMETER['False_Easting',0.0],PARAMETER['False_Northing',0.0],PARAMETER['Central_Meridian',0.0],PARAMETER['Standard_Parallel_1',0.0],PARAMETER['Auxiliary_Sphere_Type',0.0],UNIT['Meter',1.0]];-20037700 -30241100 10000;-100000 10000;-100000 10000;0.001;0.001;0.001;IsHighPrecision" "-8964000 4825000 -8314000 5202000"</Process><Process ToolSource="c:\program files\arcgis\pro\Resources\ArcToolbox\toolboxes\Conversion Tools.tbx\ExportFeatures" Date="20240228" Time="074407">ExportFeatures GISDATA.RMSSEG H:\ArcGIS\Projects\PASDA_January_Update\PASDA_January_Update.gdb\GISDATA_ExportFeatures_juris_filtered_deleted_fields "JURIS = '1' Or JURIS = '2' Or JURIS = '5' Or JURIS = '6'" NOT_USE_ALIAS "ST_RT_NO "ST_RT_NO" true true false 4 Text 0 0,First,#,GISDATA.RMSSEG,ST_RT_NO,0,4;CTY_CODE "CTY_CODE" true true false 2 Text 0 0,First,#,GISDATA.RMSSEG,CTY_CODE,0,2;DISTRICT_NO "DISTRICT_NO" true true false 2 Text 0 0,First,#,GISDATA.RMSSEG,DISTRICT_NO,0,2;JURIS "JURIS" true true false 1 Text 0 0,First,#,GISDATA.RMSSEG,JURIS,0,1;SEG_NO "SEG_NO" true true false 4 Text 0 0,First,#,GISDATA.RMSSEG,SEG_NO,0,4;SEG_LNGTH_FEET "SEG_LNGTH_FEET" true true false 8 Double 0 38,First,#,GISDATA.RMSSEG,SEG_LNGTH_FEET,-1,-1;SEQ_NO "SEQ_NO" true true false 4 Long 0 10,First,#,GISDATA.RMSSEG,SEQ_NO,-1,-1;SUB_ROUTE "SUB_ROUTE" true true false 8 Double 0 38,First,#,GISDATA.RMSSEG,SUB_ROUTE,-1,-1;YR_BUILT "YR_BUILT" true true false 8 Double 0 38,First,#,GISDATA.RMSSEG,YR_BUILT,-1,-1;YR_RESURF "YR_RESURF" true true false 8 Double 0 38,First,#,GISDATA.RMSSEG,YR_RESURF,-1,-1;DIR_IND "DIR_IND" true true false 1 Text 0 0,First,#,GISDATA.RMSSEG,DIR_IND,0,1;FAC_TYPE "FAC_TYPE" true true false 1 Text 0 0,First,#,GISDATA.RMSSEG,FAC_TYPE,0,1;TOTAL_WIDTH "TOTAL_WIDTH" true true false 8 Double 0 38,First,#,GISDATA.RMSSEG,TOTAL_WIDTH,-1,-1;SURF_TYPE "SURF_TYPE" true true false 2 Text 0 0,First,#,GISDATA.RMSSEG,SURF_TYPE,0,2;LANE_CNT "LANE_CNT" true true false 8 Double 0 38,First,#,GISDATA.RMSSEG,LANE_CNT,-1,-1;PARK_LANE "PARK_LANE" true true false 1 Text 0 0,First,#,GISDATA.RMSSEG,PARK_LANE,0,1;DIVSR_TYPE "DIVSR_TYPE" true true false 1 Text 0 0,First,#,GISDATA.RMSSEG,DIVSR_TYPE,0,1;DIVSR_WIDTH "DIVSR_WIDTH" true true false 8 Double 0 38,First,#,GISDATA.RMSSEG,DIVSR_WIDTH,-1,-1;COND_DATE "COND_DATE" true true false 8 Text 0 0,First,#,GISDATA.RMSSEG,COND_DATE,0,8;ROUGH_INDX "ROUGH_INDX" true true false 8 Double 0 38,First,#,GISDATA.RMSSEG,ROUGH_INDX,-1,-1;PVMNT_COND_RATE "PVMNT_COND_RATE" true true false 8 Double 0 38,First,#,GISDATA.RMSSEG,PVMNT_COND_RATE,-1,-1;CUR_AADT "CUR_AADT" true true false 4 Long 0 10,First,#,GISDATA.RMSSEG,CUR_AADT,-1,-1;ACCESS_CTRL "ACCESS_CTRL" true true false 1 Text 0 0,First,#,GISDATA.RMSSEG,ACCESS_CTRL,0,1;TOLL_CODE "TOLL_CODE" true true false 1 Text 0 0,First,#,GISDATA.RMSSEG,TOLL_CODE,0,1;STREET_NAME "STREET_NAME" true true false 25 Text 0 0,First,#,GISDATA.RMSSEG,STREET_NAME,0,25;TRAF_RT_NO_PREFIX "TRAF_RT_NO_PREFIX" true true false 2 Text 0 0,First,#,GISDATA.RMSSEG,TRAF_RT_NO_PREFIX,0,2;TRAF_RT_NO "TRAF_RT_NO" true true false 3 Text 0 0,First,#,GISDATA.RMSSEG,TRAF_RT_NO,0,3;TRAF_RT_NO_SUF "TRAF_RT_NO_SUF" true true false 1 Text 0 0,First,#,GISDATA.RMSSEG,TRAF_RT_NO_SUF,0,1;BGN_DESC "BGN_DESC" true true false 20 Text 0 0,First,#,GISDATA.RMSSEG,BGN_DESC,0,20;END_DESC "END_DESC" true true false 20 Text 0 0,First,#,GISDATA.RMSSEG,END_DESC,0,20;MAINT_RESPON_IND "MAINT_RESPON_IND" true true false 2 Text 0 0,First,#,GISDATA.RMSSEG,MAINT_RESPON_IND,0,2;URBAN_RURAL "URBAN_RURAL" true true false 1 Text 0 0,First,#,GISDATA.RMSSEG,URBAN_RURAL,0,1;NHS_IND "NHS_IND" true true false 1 Text 0 0,First,#,GISDATA.RMSSEG,NHS_IND,0,1;TANDEM_TRLR_TRK "TANDEM_TRLR_TRK" true true false 1 Text 0 0,First,#,GISDATA.RMSSEG,TANDEM_TRLR_TRK,0,1;ACCESS_TANDEM_TRLR "ACCESS_TANDEM_TRLR" true true false 1 Text 0 0,First,#,GISDATA.RMSSEG,ACCESS_TANDEM_TRLR,0,1;INTERST_NETWRK_IND "INTERST_NETWRK_IND" true true false 1 Text 0 0,First,#,GISDATA.RMSSEG,INTERST_NETWRK_IND,0,1;NHPN_IND "NHPN_IND" true true false 1 Text 0 0,First,#,GISDATA.RMSSEG,NHPN_IND,0,1;NORM_ADMIN_BGN "NORM_ADMIN_BGN" true true false 8 Text 0 0,First,#,GISDATA.RMSSEG,NORM_ADMIN_BGN,0,8;NORM_TRAFF_BGN "NORM_TRAFF_BGN" true true false 8 Text 0 0,First,#,GISDATA.RMSSEG,NORM_TRAFF_BGN,0,8;NORM_SHLD_BGN "NORM_SHLD_BGN" true true false 8 Text 0 0,First,#,GISDATA.RMSSEG,NORM_SHLD_BGN,0,8;MAPID "MAPID" true true false 4 Long 0 10,First,#,GISDATA.RMSSEG,MAPID,-1,-1;NLF_ID "NLF_ID" true true false 4 Long 0 10,First,#,GISDATA.RMSSEG,NLF_ID,-1,-1;SIDE_IND "SIDE_IND" true true false 1 Text 0 0,First,#,GISDATA.RMSSEG,SIDE_IND,0,1;NLF_CNTL_BGN "NLF_CNTL_BGN" true true false 8 Double 0 38,First,#,GISDATA.RMSSEG,NLF_CNTL_BGN,-1,-1;NLF_CNTL_END "NLF_CNTL_END" true true false 8 Double 0 38,First,#,GISDATA.RMSSEG,NLF_CNTL_END,-1,-1;CUM_OFFSET_BGN_T1 "CUM_OFFSET_BGN_T1" true true false 8 Double 0 38,First,#,GISDATA.RMSSEG,CUM_OFFSET_BGN_T1,-1,-1;CUM_OFFSET_END_T1 "CUM_OFFSET_END_T1" true true false 8 Double 0 38,First,#,GISDATA.RMSSEG,CUM_OFFSET_END_T1,-1,-1;X_VALUE_BGN "X_VALUE_BGN" true true false 15 Text 0 0,First,#,GISDATA.RMSSEG,X_VALUE_BGN,0,15;Y_VALUE_BGN "Y_VALUE_BGN" true true false 15 Text 0 0,First,#,GISDATA.RMSSEG,Y_VALUE_BGN,0,15;X_VALUE_END "X_VALUE_END" true true false 15 Text 0 0,First,#,GISDATA.RMSSEG,X_VALUE_END,0,15;Y_VALUE_END "Y_VALUE_END" true true false 15 Text 0 0,First,#,GISDATA.RMSSEG,Y_VALUE_END,0,15;GRAPHIC_LENGTH "GRAPHIC_LENGTH" true true false 8 Double 0 38,First,#,GISDATA.RMSSEG,GRAPHIC_LENGTH,-1,-1;KEY_UPDATE "KEY_UPDATE" true true false 8 Text 0 0,First,#,GISDATA.RMSSEG,KEY_UPDATE,0,8;ATTR_UPDATE "ATTR_UPDATE" true true false 8 Text 0 0,First,#,GISDATA.RMSSEG,ATTR_UPDATE,0,8;OVERALL_PVMNT_IDX "OVERALL_PVMNT_IDX" true true false 8 Double 0 38,First,#,GISDATA.RMSSEG,OVERALL_PVMNT_IDX,-1,-1;SEG_STATUS "SEG_STATUS" true true false 1 Text 0 0,First,#,GISDATA.RMSSEG,SEG_STATUS,0,1;PAVMT_CYCLE "PAVMT_CYCLE" true true false 8 Double 0 38,First,#,GISDATA.RMSSEG,PAVMT_CYCLE,-1,-1;DRAIN_CYCLE "DRAIN_CYCLE" true true false 8 Double 0 38,First,#,GISDATA.RMSSEG,DRAIN_CYCLE,-1,-1;GDRAIL_CYCLE "GDRAIL_CYCLE" true true false 8 Double 0 38,First,#,GISDATA.RMSSEG,GDRAIL_CYCLE,-1,-1;DISTRICT_SPECIAL "DISTRICT_SPECIAL" true true false 1 Text 0 0,First,#,GISDATA.RMSSEG,DISTRICT_SPECIAL,0,1;TRT_TYPE_NETWRK "TRT_TYPE_NETWRK" true true false 1 Text 0 0,First,#,GISDATA.RMSSEG,TRT_TYPE_NETWRK,0,1;PA_BYWAY_IND "PA_BYWAY_IND" true true false 1 Text 0 0,First,#,GISDATA.RMSSEG,PA_BYWAY_IND,0,1;STREET_NAME2 "STREET_NAME2" true true false 25 Text 0 0,First,#,GISDATA.RMSSEG,STREET_NAME2,0,25;TRAF_RT_NO_PREFIX2 "TRAF_RT_NO_PREFIX2" true true false 2 Text 0 0,First,#,GISDATA.RMSSEG,TRAF_RT_NO_PREFIX2,0,2;TRAF_RT_NO2 "TRAF_RT_NO2" true true false 3 Text 0 0,First,#,GISDATA.RMSSEG,TRAF_RT_NO2,0,3;TRAF_RT_NO_SUF2 "TRAF_RT_NO_SUF2" true true false 1 Text 0 0,First,#,GISDATA.RMSSEG,TRAF_RT_NO_SUF2,0,1;STREET_NAME3 "STREET_NAME3" true true false 25 Text 0 0,First,#,GISDATA.RMSSEG,STREET_NAME3,0,25;TRAF_RT_NO_PREFIX3 "TRAF_RT_NO_PREFIX3" true true false 2 Text 0 0,First,#,GISDATA.RMSSEG,TRAF_RT_NO_PREFIX3,0,2;TRAF_RT_NO3 "TRAF_RT_NO3" true true false 3 Text 0 0,First,#,GISDATA.RMSSEG,TRAF_RT_NO3,0,3;TRAF_RT_NO_SUF3 "TRAF_RT_NO_SUF3" true true false 1 Text 0 0,First,#,GISDATA.RMSSEG,TRAF_RT_NO_SUF3,0,1;TRXN_FLAG "TRXN_FLAG" true true false 1 Text 0 0,First,#,GISDATA.RMSSEG,TRXN_FLAG,0,1;ROUTE_DIR "ROUTE_DIR" true true false 1 Text 0 0,First,#,GISDATA.RMSSEG,ROUTE_DIR,0,1;BUS_PLAN_NETWRK "BUS_PLAN_NETWRK" true true false 1 Text 0 0,First,#,GISDATA.RMSSEG,BUS_PLAN_NETWRK,0,1;EXP_WAY_NETWRK "EXP_WAY_NETWRK" true true false 1 Text 0 0,First,#,GISDATA.RMSSEG,EXP_WAY_NETWRK,0,1;HPMS_SAMP_CNT "HPMS_SAMP_CNT" true true false 2 Short 0 2,First,#,GISDATA.RMSSEG,HPMS_SAMP_CNT,-1,-1;MILE_POINT "MILE_POINT" true true false 5 Text 0 0,First,#,GISDATA.RMSSEG,MILE_POINT,0,5;IS_STRUCTURE "IS_STRUCTURE" true true false 2 Short 0 1,First,#,GISDATA.RMSSEG,IS_STRUCTURE,-1,-1;GOVT_LVL_CTRL "GOVT_LVL_CTRL" true true false 2 Short 0 2,First,#,GISDATA.RMSSEG,GOVT_LVL_CTRL,-1,-1;HOV_TYPE "HOV_TYPE" true true false 2 Short 0 1,First,#,GISDATA.RMSSEG,HOV_TYPE,-1,-1;HOV_LANES "HOV_LANES" true true false 2 Short 0 1,First,#,GISDATA.RMSSEG,HOV_LANES,-1,-1;PAR_SEG_IND "PAR_SEG_IND" true true false 1 Text 0 0,First,#,GISDATA.RMSSEG,PAR_SEG_IND,0,1;HPMS_DIVSR_TYPE "HPMS_DIVSR_TYPE" true true false 1 Text 0 0,First,#,GISDATA.RMSSEG,HPMS_DIVSR_TYPE,0,1;IRI_CUR_FLAG "IRI_CUR_FLAG" true true false 1 Text 0 0,First,#,GISDATA.RMSSEG,IRI_CUR_FLAG,0,1;DRAIN_SWT "DRAIN_SWT" true true false 1 Text 0 0,First,#,GISDATA.RMSSEG,DRAIN_SWT,0,1;GDRAIL_SWT "GDRAIL_SWT" true true false 1 Text 0 0,First,#,GISDATA.RMSSEG,GDRAIL_SWT,0,1;PAVMT_SWT "PAVMT_SWT" true true false 1 Text 0 0,First,#,GISDATA.RMSSEG,PAVMT_SWT,0,1;SHLD_COND_STATUS "SHLD_COND_STATUS" true true false 1 Text 0 0,First,#,GISDATA.RMSSEG,SHLD_COND_STATUS,0,1;FED_AID_PRIM_IND "FED_AID_PRIM_IND" true true false 1 Text 0 0,First,#,GISDATA.RMSSEG,FED_AID_PRIM_IND,0,1;DRAIN_CNT "DRAIN_CNT" true true false 8 Double 10 38,First,#,GISDATA.RMSSEG,DRAIN_CNT,-1,-1;GDRAIL_CNT "GDRAIL_CNT" true true false 8 Double 10 38,First,#,GISDATA.RMSSEG,GDRAIL_CNT,-1,-1;PVMNT_TRTMT_DATA "PVMNT_TRTMT_DATA" true true false 2 Text 0 0,First,#,GISDATA.RMSSEG,PVMNT_TRTMT_DATA,0,2;PVMNT_IND "PVMNT_IND" true true false 1 Text 0 0,First,#,GISDATA.RMSSEG,PVMNT_IND,0,1;IRI_YEAR "IRI_YEAR" true true false 4 Text 0 0,First,#,GISDATA.RMSSEG,IRI_YEAR,0,4;OPI_YEAR "OPI_YEAR" true true false 4 Text 0 0,First,#,GISDATA.RMSSEG,OPI_YEAR,0,4;IRI_RATING_TEXT "IRI_RATING_TEXT" true true false 9 Text 0 0,First,#,GISDATA.RMSSEG,IRI_RATING_TEXT,0,9;OPI_RATING_TEXT "OPI_RATING_TEXT" true true false 9 Text 0 0,First,#,GISDATA.RMSSEG,OPI_RATING_TEXT,0,9;SURFACE_YEAR "SURFACE_YEAR" true true false 4 Text 0 0,First,#,GISDATA.RMSSEG,SURFACE_YEAR,0,4;SEGMENT_MILES "SEGMENT_MILES" true true false 8 Double 10 38,First,#,GISDATA.RMSSEG,SEGMENT_MILES,-1,-1;LANE_MILES "LANE_MILES" true true false 8 Double 10 38,First,#,GISDATA.RMSSEG,LANE_MILES,-1,-1;CYCLE_MAINT_SECTION "CYCLE_MAINT_SECTION" true true false 2 Text 0 0,First,#,GISDATA.RMSSEG,CYCLE_MAINT_SECTION,0,2;BIKE_LANE "BIKE_LANE" true true false 1 Text 0 0,First,#,GISDATA.RMSSEG,BIKE_LANE,0,1;GIS_UPDATE_DATE "GIS_UPDATE_DATE" true true false 8 Date 0 0,First,#,GISDATA.RMSSEG,GIS_UPDATE_DATE,-1,-1;GIS_GEOMETRY_UPDATE_DATE "GIS_GEOMETRY_UPDATE_DATE" true true false 8 Date 0 0,First,#,GISDATA.RMSSEG,GIS_GEOMETRY_UPDATE_DATE,-1,-1;SE_ANNO_CAD_DATA "SE_ANNO_CAD_DATA" true true false 0 Blob 0 0,First,#,GISDATA.RMSSEG,SE_ANNO_CAD_DATA,-1,-1;GPID "GPID" true true false 4 Long 0 10,First,#,GISDATA.RMSSEG,GPID,-1,-1;LEN "LEN" false true true 0 Double 0 0,First,#,GISDATA.RMSSEG,GEOMETRY.LEN,-1,-1" #</Process><Process ToolSource="c:\program files\arcgis\pro\Resources\ArcToolbox\toolboxes\Conversion Tools.tbx\ExportFeatures" Date="20240228" Time="090920">ExportFeatures GISDATA_ExportFeatures_juris_filtered_deleted_fields U:\gisprodnt\data\PASDA_DATA\Active\PASDA_JANUARY_2024.gdb\Pa_State_Roads # NOT_USE_ALIAS "ST_RT_NO "ST_RT_NO" true true false 4 Text 0 0,First,#,GISDATA_ExportFeatures_juris_filtered_deleted_fields,ST_RT_NO,0,4;CTY_CODE "CTY_CODE" true true false 2 Text 0 0,First,#,GISDATA_ExportFeatures_juris_filtered_deleted_fields,CTY_CODE,0,2;DISTRICT_NO "DISTRICT_NO" true true false 2 Text 0 0,First,#,GISDATA_ExportFeatures_juris_filtered_deleted_fields,DISTRICT_NO,0,2;JURIS "JURIS" true true false 1 Text 0 0,First,#,GISDATA_ExportFeatures_juris_filtered_deleted_fields,JURIS,0,1;SEG_NO "SEG_NO" true true false 4 Text 0 0,First,#,GISDATA_ExportFeatures_juris_filtered_deleted_fields,SEG_NO,0,4;SEG_LNGTH_FEET "SEG_LNGTH_FEET" true true false 8 Double 0 0,First,#,GISDATA_ExportFeatures_juris_filtered_deleted_fields,SEG_LNGTH_FEET,-1,-1;SEQ_NO "SEQ_NO" true true false 4 Long 0 0,First,#,GISDATA_ExportFeatures_juris_filtered_deleted_fields,SEQ_NO,-1,-1;SUB_ROUTE "SUB_ROUTE" true true false 8 Double 0 0,First,#,GISDATA_ExportFeatures_juris_filtered_deleted_fields,SUB_ROUTE,-1,-1;YR_BUILT "YR_BUILT" true true false 8 Double 0 0,First,#,GISDATA_ExportFeatures_juris_filtered_deleted_fields,YR_BUILT,-1,-1;YR_RESURF "YR_RESURF" true true false 8 Double 0 0,First,#,GISDATA_ExportFeatures_juris_filtered_deleted_fields,YR_RESURF,-1,-1;DIR_IND "DIR_IND" true true false 1 Text 0 0,First,#,GISDATA_ExportFeatures_juris_filtered_deleted_fields,DIR_IND,0,1;FAC_TYPE "FAC_TYPE" true true false 1 Text 0 0,First,#,GISDATA_ExportFeatures_juris_filtered_deleted_fields,FAC_TYPE,0,1;TOTAL_WIDTH "TOTAL_WIDTH" true true false 8 Double 0 0,First,#,GISDATA_ExportFeatures_juris_filtered_deleted_fields,TOTAL_WIDTH,-1,-1;SURF_TYPE "SURF_TYPE" true true false 2 Text 0 0,First,#,GISDATA_ExportFeatures_juris_filtered_deleted_fields,SURF_TYPE,0,2;LANE_CNT "LANE_CNT" true true false 8 Double 0 0,First,#,GISDATA_ExportFeatures_juris_filtered_deleted_fields,LANE_CNT,-1,-1;PARK_LANE "PARK_LANE" true true false 1 Text 0 0,First,#,GISDATA_ExportFeatures_juris_filtered_deleted_fields,PARK_LANE,0,1;DIVSR_TYPE "DIVSR_TYPE" true true false 1 Text 0 0,First,#,GISDATA_ExportFeatures_juris_filtered_deleted_fields,DIVSR_TYPE,0,1;DIVSR_WIDTH "DIVSR_WIDTH" true true false 8 Double 0 0,First,#,GISDATA_ExportFeatures_juris_filtered_deleted_fields,DIVSR_WIDTH,-1,-1;COND_DATE "COND_DATE" true true false 8 Text 0 0,First,#,GISDATA_ExportFeatures_juris_filtered_deleted_fields,COND_DATE,0,8;ROUGH_INDX "ROUGH_INDX" true true false 8 Double 0 0,First,#,GISDATA_ExportFeatures_juris_filtered_deleted_fields,ROUGH_INDX,-1,-1;PVMNT_COND_RATE "PVMNT_COND_RATE" true true false 8 Double 0 0,First,#,GISDATA_ExportFeatures_juris_filtered_deleted_fields,PVMNT_COND_RATE,-1,-1;CUR_AADT "CUR_AADT" true true false 4 Long 0 0,First,#,GISDATA_ExportFeatures_juris_filtered_deleted_fields,CUR_AADT,-1,-1;ACCESS_CTRL "ACCESS_CTRL" true true false 1 Text 0 0,First,#,GISDATA_ExportFeatures_juris_filtered_deleted_fields,ACCESS_CTRL,0,1;TOLL_CODE "TOLL_CODE" true true false 1 Text 0 0,First,#,GISDATA_ExportFeatures_juris_filtered_deleted_fields,TOLL_CODE,0,1;STREET_NAME "STREET_NAME" true true false 25 Text 0 0,First,#,GISDATA_ExportFeatures_juris_filtered_deleted_fields,STREET_NAME,0,25;TRAF_RT_NO_PREFIX "TRAF_RT_NO_PREFIX" true true false 2 Text 0 0,First,#,GISDATA_ExportFeatures_juris_filtered_deleted_fields,TRAF_RT_NO_PREFIX,0,2;TRAF_RT_NO "TRAF_RT_NO" true true false 3 Text 0 0,First,#,GISDATA_ExportFeatures_juris_filtered_deleted_fields,TRAF_RT_NO,0,3;TRAF_RT_NO_SUF "TRAF_RT_NO_SUF" true true false 1 Text 0 0,First,#,GISDATA_ExportFeatures_juris_filtered_deleted_fields,TRAF_RT_NO_SUF,0,1;BGN_DESC "BGN_DESC" true true false 20 Text 0 0,First,#,GISDATA_ExportFeatures_juris_filtered_deleted_fields,BGN_DESC,0,20;END_DESC "END_DESC" true true false 20 Text 0 0,First,#,GISDATA_ExportFeatures_juris_filtered_deleted_fields,END_DESC,0,20;MAINT_RESPON_IND "MAINT_RESPON_IND" true true false 2 Text 0 0,First,#,GISDATA_ExportFeatures_juris_filtered_deleted_fields,MAINT_RESPON_IND,0,2;URBAN_RURAL "URBAN_RURAL" true true false 1 Text 0 0,First,#,GISDATA_ExportFeatures_juris_filtered_deleted_fields,URBAN_RURAL,0,1;NHS_IND "NHS_IND" true true false 1 Text 0 0,First,#,GISDATA_ExportFeatures_juris_filtered_deleted_fields,NHS_IND,0,1;TANDEM_TRLR_TRK "TANDEM_TRLR_TRK" true true false 1 Text 0 0,First,#,GISDATA_ExportFeatures_juris_filtered_deleted_fields,TANDEM_TRLR_TRK,0,1;ACCESS_TANDEM_TRLR "ACCESS_TANDEM_TRLR" true true false 1 Text 0 0,First,#,GISDATA_ExportFeatures_juris_filtered_deleted_fields,ACCESS_TANDEM_TRLR,0,1;INTERST_NETWRK_IND "INTERST_NETWRK_IND" true true false 1 Text 0 0,First,#,GISDATA_ExportFeatures_juris_filtered_deleted_fields,INTERST_NETWRK_IND,0,1;NHPN_IND "NHPN_IND" true true false 1 Text 0 0,First,#,GISDATA_ExportFeatures_juris_filtered_deleted_fields,NHPN_IND,0,1;NORM_ADMIN_BGN "NORM_ADMIN_BGN" true true false 8 Text 0 0,First,#,GISDATA_ExportFeatures_juris_filtered_deleted_fields,NORM_ADMIN_BGN,0,8;NORM_TRAFF_BGN "NORM_TRAFF_BGN" true true false 8 Text 0 0,First,#,GISDATA_ExportFeatures_juris_filtered_deleted_fields,NORM_TRAFF_BGN,0,8;NORM_SHLD_BGN "NORM_SHLD_BGN" true true false 8 Text 0 0,First,#,GISDATA_ExportFeatures_juris_filtered_deleted_fields,NORM_SHLD_BGN,0,8;MAPID "MAPID" true true false 4 Long 0 0,First,#,GISDATA_ExportFeatures_juris_filtered_deleted_fields,MAPID,-1,-1;NLF_ID "NLF_ID" true true false 4 Long 0 0,First,#,GISDATA_ExportFeatures_juris_filtered_deleted_fields,NLF_ID,-1,-1;SIDE_IND "SIDE_IND" true true false 1 Text 0 0,First,#,GISDATA_ExportFeatures_juris_filtered_deleted_fields,SIDE_IND,0,1;NLF_CNTL_BGN "NLF_CNTL_BGN" true true false 8 Double 0 0,First,#,GISDATA_ExportFeatures_juris_filtered_deleted_fields,NLF_CNTL_BGN,-1,-1;NLF_CNTL_END "NLF_CNTL_END" true true false 8 Double 0 0,First,#,GISDATA_ExportFeatures_juris_filtered_deleted_fields,NLF_CNTL_END,-1,-1;CUM_OFFSET_BGN_T1 "CUM_OFFSET_BGN_T1" true true false 8 Double 0 0,First,#,GISDATA_ExportFeatures_juris_filtered_deleted_fields,CUM_OFFSET_BGN_T1,-1,-1;CUM_OFFSET_END_T1 "CUM_OFFSET_END_T1" true true false 8 Double 0 0,First,#,GISDATA_ExportFeatures_juris_filtered_deleted_fields,CUM_OFFSET_END_T1,-1,-1;X_VALUE_BGN "X_VALUE_BGN" true true false 15 Text 0 0,First,#,GISDATA_ExportFeatures_juris_filtered_deleted_fields,X_VALUE_BGN,0,15;Y_VALUE_BGN "Y_VALUE_BGN" true true false 15 Text 0 0,First,#,GISDATA_ExportFeatures_juris_filtered_deleted_fields,Y_VALUE_BGN,0,15;X_VALUE_END "X_VALUE_END" true true false 15 Text 0 0,First,#,GISDATA_ExportFeatures_juris_filtered_deleted_fields,X_VALUE_END,0,15;Y_VALUE_END "Y_VALUE_END" true true false 15 Text 0 0,First,#,GISDATA_ExportFeatures_juris_filtered_deleted_fields,Y_VALUE_END,0,15;GRAPHIC_LENGTH "GRAPHIC_LENGTH" true true false 8 Double 0 0,First,#,GISDATA_ExportFeatures_juris_filtered_deleted_fields,GRAPHIC_LENGTH,-1,-1;KEY_UPDATE "KEY_UPDATE" true true false 8 Text 0 0,First,#,GISDATA_ExportFeatures_juris_filtered_deleted_fields,KEY_UPDATE,0,8;ATTR_UPDATE "ATTR_UPDATE" true true false 8 Text 0 0,First,#,GISDATA_ExportFeatures_juris_filtered_deleted_fields,ATTR_UPDATE,0,8;OVERALL_PVMNT_IDX "OVERALL_PVMNT_IDX" true true false 8 Double 0 0,First,#,GISDATA_ExportFeatures_juris_filtered_deleted_fields,OVERALL_PVMNT_IDX,-1,-1;SEG_STATUS "SEG_STATUS" true true false 1 Text 0 0,First,#,GISDATA_ExportFeatures_juris_filtered_deleted_fields,SEG_STATUS,0,1;PAVMT_CYCLE "PAVMT_CYCLE" true true false 8 Double 0 0,First,#,GISDATA_ExportFeatures_juris_filtered_deleted_fields,PAVMT_CYCLE,-1,-1;DRAIN_CYCLE "DRAIN_CYCLE" true true false 8 Double 0 0,First,#,GISDATA_ExportFeatures_juris_filtered_deleted_fields,DRAIN_CYCLE,-1,-1;GDRAIL_CYCLE "GDRAIL_CYCLE" true true false 8 Double 0 0,First,#,GISDATA_ExportFeatures_juris_filtered_deleted_fields,GDRAIL_CYCLE,-1,-1;DISTRICT_SPECIAL "DISTRICT_SPECIAL" true true false 1 Text 0 0,First,#,GISDATA_ExportFeatures_juris_filtered_deleted_fields,DISTRICT_SPECIAL,0,1;TRT_TYPE_NETWRK "TRT_TYPE_NETWRK" true true false 1 Text 0 0,First,#,GISDATA_ExportFeatures_juris_filtered_deleted_fields,TRT_TYPE_NETWRK,0,1;PA_BYWAY_IND "PA_BYWAY_IND" true true false 1 Text 0 0,First,#,GISDATA_ExportFeatures_juris_filtered_deleted_fields,PA_BYWAY_IND,0,1;STREET_NAME2 "STREET_NAME2" true true false 25 Text 0 0,First,#,GISDATA_ExportFeatures_juris_filtered_deleted_fields,STREET_NAME2,0,25;TRAF_RT_NO_PREFIX2 "TRAF_RT_NO_PREFIX2" true true false 2 Text 0 0,First,#,GISDATA_ExportFeatures_juris_filtered_deleted_fields,TRAF_RT_NO_PREFIX2,0,2;TRAF_RT_NO2 "TRAF_RT_NO2" true true false 3 Text 0 0,First,#,GISDATA_ExportFeatures_juris_filtered_deleted_fields,TRAF_RT_NO2,0,3;TRAF_RT_NO_SUF2 "TRAF_RT_NO_SUF2" true true false 1 Text 0 0,First,#,GISDATA_ExportFeatures_juris_filtered_deleted_fields,TRAF_RT_NO_SUF2,0,1;STREET_NAME3 "STREET_NAME3" true true false 25 Text 0 0,First,#,GISDATA_ExportFeatures_juris_filtered_deleted_fields,STREET_NAME3,0,25;TRAF_RT_NO_PREFIX3 "TRAF_RT_NO_PREFIX3" true true false 2 Text 0 0,First,#,GISDATA_ExportFeatures_juris_filtered_deleted_fields,TRAF_RT_NO_PREFIX3,0,2;TRAF_RT_NO3 "TRAF_RT_NO3" true true false 3 Text 0 0,First,#,GISDATA_ExportFeatures_juris_filtered_deleted_fields,TRAF_RT_NO3,0,3;TRAF_RT_NO_SUF3 "TRAF_RT_NO_SUF3" true true false 1 Text 0 0,First,#,GISDATA_ExportFeatures_juris_filtered_deleted_fields,TRAF_RT_NO_SUF3,0,1;TRXN_FLAG "TRXN_FLAG" true true false 1 Text 0 0,First,#,GISDATA_ExportFeatures_juris_filtered_deleted_fields,TRXN_FLAG,0,1;ROUTE_DIR "ROUTE_DIR" true true false 1 Text 0 0,First,#,GISDATA_ExportFeatures_juris_filtered_deleted_fields,ROUTE_DIR,0,1;BUS_PLAN_NETWRK "BUS_PLAN_NETWRK" true true false 1 Text 0 0,First,#,GISDATA_ExportFeatures_juris_filtered_deleted_fields,BUS_PLAN_NETWRK,0,1;EXP_WAY_NETWRK "EXP_WAY_NETWRK" true true false 1 Text 0 0,First,#,GISDATA_ExportFeatures_juris_filtered_deleted_fields,EXP_WAY_NETWRK,0,1;HPMS_SAMP_CNT "HPMS_SAMP_CNT" true true false 2 Short 0 0,First,#,GISDATA_ExportFeatures_juris_filtered_deleted_fields,HPMS_SAMP_CNT,-1,-1;MILE_POINT "MILE_POINT" true true false 5 Text 0 0,First,#,GISDATA_ExportFeatures_juris_filtered_deleted_fields,MILE_POINT,0,5;IS_STRUCTURE "IS_STRUCTURE" true true false 2 Short 0 0,First,#,GISDATA_ExportFeatures_juris_filtered_deleted_fields,IS_STRUCTURE,-1,-1;GOVT_LVL_CTRL "GOVT_LVL_CTRL" true true false 2 Short 0 0,First,#,GISDATA_ExportFeatures_juris_filtered_deleted_fields,GOVT_LVL_CTRL,-1,-1;HOV_TYPE "HOV_TYPE" true true false 2 Short 0 0,First,#,GISDATA_ExportFeatures_juris_filtered_deleted_fields,HOV_TYPE,-1,-1;HOV_LANES "HOV_LANES" true true false 2 Short 0 0,First,#,GISDATA_ExportFeatures_juris_filtered_deleted_fields,HOV_LANES,-1,-1;PAR_SEG_IND "PAR_SEG_IND" true true false 1 Text 0 0,First,#,GISDATA_ExportFeatures_juris_filtered_deleted_fields,PAR_SEG_IND,0,1;HPMS_DIVSR_TYPE "HPMS_DIVSR_TYPE" true true false 1 Text 0 0,First,#,GISDATA_ExportFeatures_juris_filtered_deleted_fields,HPMS_DIVSR_TYPE,0,1;IRI_CUR_FLAG "IRI_CUR_FLAG" true true false 1 Text 0 0,First,#,GISDATA_ExportFeatures_juris_filtered_deleted_fields,IRI_CUR_FLAG,0,1;DRAIN_SWT "DRAIN_SWT" true true false 1 Text 0 0,First,#,GISDATA_ExportFeatures_juris_filtered_deleted_fields,DRAIN_SWT,0,1;GDRAIL_SWT "GDRAIL_SWT" true true false 1 Text 0 0,First,#,GISDATA_ExportFeatures_juris_filtered_deleted_fields,GDRAIL_SWT,0,1;PAVMT_SWT "PAVMT_SWT" true true false 1 Text 0 0,First,#,GISDATA_ExportFeatures_juris_filtered_deleted_fields,PAVMT_SWT,0,1;SHLD_COND_STATUS "SHLD_COND_STATUS" true true false 1 Text 0 0,First,#,GISDATA_ExportFeatures_juris_filtered_deleted_fields,SHLD_COND_STATUS,0,1;FED_AID_PRIM_IND "FED_AID_PRIM_IND" true true false 1 Text 0 0,First,#,GISDATA_ExportFeatures_juris_filtered_deleted_fields,FED_AID_PRIM_IND,0,1;DRAIN_CNT "DRAIN_CNT" true true false 8 Double 0 0,First,#,GISDATA_ExportFeatures_juris_filtered_deleted_fields,DRAIN_CNT,-1,-1;GDRAIL_CNT "GDRAIL_CNT" true true false 8 Double 0 0,First,#,GISDATA_ExportFeatures_juris_filtered_deleted_fields,GDRAIL_CNT,-1,-1;PVMNT_TRTMT_DATA "PVMNT_TRTMT_DATA" true true false 2 Text 0 0,First,#,GISDATA_ExportFeatures_juris_filtered_deleted_fields,PVMNT_TRTMT_DATA,0,2;PVMNT_IND "PVMNT_IND" true true false 1 Text 0 0,First,#,GISDATA_ExportFeatures_juris_filtered_deleted_fields,PVMNT_IND,0,1;IRI_YEAR "IRI_YEAR" true true false 4 Text 0 0,First,#,GISDATA_ExportFeatures_juris_filtered_deleted_fields,IRI_YEAR,0,4;OPI_YEAR "OPI_YEAR" true true false 4 Text 0 0,First,#,GISDATA_ExportFeatures_juris_filtered_deleted_fields,OPI_YEAR,0,4;IRI_RATING_TEXT "IRI_RATING_TEXT" true true false 9 Text 0 0,First,#,GISDATA_ExportFeatures_juris_filtered_deleted_fields,IRI_RATING_TEXT,0,9;OPI_RATING_TEXT "OPI_RATING_TEXT" true true false 9 Text 0 0,First,#,GISDATA_ExportFeatures_juris_filtered_deleted_fields,OPI_RATING_TEXT,0,9;SURFACE_YEAR "SURFACE_YEAR" true true false 4 Text 0 0,First,#,GISDATA_ExportFeatures_juris_filtered_deleted_fields,SURFACE_YEAR,0,4;SEGMENT_MILES "SEGMENT_MILES" true true false 8 Double 0 0,First,#,GISDATA_ExportFeatures_juris_filtered_deleted_fields,SEGMENT_MILES,-1,-1;LANE_MILES "LANE_MILES" true true false 8 Double 0 0,First,#,GISDATA_ExportFeatures_juris_filtered_deleted_fields,LANE_MILES,-1,-1;CYCLE_MAINT_SECTION "CYCLE_MAINT_SECTION" true true false 2 Text 0 0,First,#,GISDATA_ExportFeatures_juris_filtered_deleted_fields,CYCLE_MAINT_SECTION,0,2;BIKE_LANE "BIKE_LANE" true true false 1 Text 0 0,First,#,GISDATA_ExportFeatures_juris_filtered_deleted_fields,BIKE_LANE,0,1;GIS_UPDATE_DATE "GIS_UPDATE_DATE" true true false 8 Date 0 0,First,#,GISDATA_ExportFeatures_juris_filtered_deleted_fields,GIS_UPDATE_DATE,-1,-1;GIS_GEOMETRY_UPDATE_DATE "GIS_GEOMETRY_UPDATE_DATE" true true false 8 Date 0 0,First,#,GISDATA_ExportFeatures_juris_filtered_deleted_fields,GIS_GEOMETRY_UPDATE_DATE,-1,-1;SE_ANNO_CAD_DATA "SE_ANNO_CAD_DATA" true true false 0 Blob 0 0,First,#,GISDATA_ExportFeatures_juris_filtered_deleted_fields,SE_ANNO_CAD_DATA,-1,-1;GPID "GPID" true true false 4 Long 0 0,First,#,GISDATA_ExportFeatures_juris_filtered_deleted_fields,GPID,-1,-1;LEN "LEN" true true false 8 Double 0 0,First,#,GISDATA_ExportFeatures_juris_filtered_deleted_fields,LEN,-1,-1;Shape_Length "Shape_Length" false true true 8 Double 0 0,First,#,GISDATA_ExportFeatures_juris_filtered_deleted_fields,Shape_Length,-1,-1" #</Process><Process ToolSource="c:\program files\arcgis\pro\Resources\ArcToolbox\toolboxes\Data Management Tools.tbx\CopyFeatures" Date="20240301" Time="091431">CopyFeatures Pa_State_Roads \\psieefiler.ems.psu.edu\psieecifsvol1\Allegheny_DEP\202403\Pa_State_Roads.shp # # # #</Process><Process ToolSource="c:\program files\arcgis\pro\Resources\ArcToolbox\toolboxes\Data Management Tools.tbx\Rename" Date="20240301" Time="093339">Rename \\psieefiler.ems.psu.edu\psieecifsvol1\Allegheny_DEP\202403\Pa_State_Roads.shp \\psieefiler.ems.psu.edu\psieecifsvol1\Allegheny_DEP\202403\PaStateRoads2024_03.shp ShapeFile</Process><Process ToolSource="c:\program files\arcgis\pro\Resources\ArcToolbox\toolboxes\Analysis Tools.tbx\Clip" Date="20240506" Time="102007">Clip PaStateRoads2024_03 DV_counties C:\Users\wongl\OneDrive\Documents\LUEM_Ass5\DelawareValley\DelawareValley.gdb\dvroad_clip2 #</Process><Process ToolSource="c:\program files\arcgis\pro\Resources\ArcToolbox\toolboxes\Data Management Tools.tbx\CopyFeatures" Date="20240506" Time="102500">CopyFeatures dvroad_clip2 C:\Users\wongl\OneDrive\Documents\LUEM_Ass5\dvroad_clip2.shp # # # #</Process></lineage><itemProps><itemName Sync="TRUE">dvroad_clip2</itemName><imsContentType Sync="TRUE">002</imsContentType><itemLocation><linkage Sync="TRUE">file://\\DESKTOP-6O4U8J5\C$\Users\wongl\OneDrive\Documents\LUEM_Ass5\dvroad_clip2.shp</linkage><protocol Sync="TRUE">Local Area Network</protocol></itemLocation><itemSize Sync="TRUE">0.000</itemSize></itemProps><coordRef><type Sync="TRUE">Projected</type><geogcsn Sync="TRUE">GCS_WGS_1984</geogcsn><csUnits Sync="TRUE">Linear Unit: Meter (1.000000)</csUnits><projcsn Sync="TRUE">WGS_1984_Web_Mercator_Auxiliary_Sphere</projcsn><peXml Sync="TRUE">&lt;ProjectedCoordinateSystem xsi:type='typens:ProjectedCoordinateSystem' xmlns:xsi='http://www.w3.org/2001/XMLSchema-instance' xmlns:xs='http://www.w3.org/2001/XMLSchema' xmlns:typens='http://www.esri.com/schemas/ArcGIS/3.2.0'&gt;&lt;WKT&gt;PROJCS[&amp;quot;WGS_1984_Web_Mercator_Auxiliary_Sphere&amp;quot;,GEOGCS[&amp;quot;GCS_WGS_1984&amp;quot;,DATUM[&amp;quot;D_WGS_1984&amp;quot;,SPHEROID[&amp;quot;WGS_1984&amp;quot;,6378137.0,298.257223563]],PRIMEM[&amp;quot;Greenwich&amp;quot;,0.0],UNIT[&amp;quot;Degree&amp;quot;,0.0174532925199433]],PROJECTION[&amp;quot;Mercator_Auxiliary_Sphere&amp;quot;],PARAMETER[&amp;quot;False_Easting&amp;quot;,0.0],PARAMETER[&amp;quot;False_Northing&amp;quot;,0.0],PARAMETER[&amp;quot;Central_Meridian&amp;quot;,0.0],PARAMETER[&amp;quot;Standard_Parallel_1&amp;quot;,0.0],PARAMETER[&amp;quot;Auxiliary_Sphere_Type&amp;quot;,0.0],UNIT[&amp;quot;Meter&amp;quot;,1.0],AUTHORITY[&amp;quot;EPSG&amp;quot;,3857]]&lt;/WKT&gt;&lt;XOrigin&gt;-20037700&lt;/XOrigin&gt;&lt;YOrigin&gt;-30241100&lt;/YOrigin&gt;&lt;XYScale&gt;148923141.92838538&lt;/XYScale&gt;&lt;ZOrigin&gt;-100000&lt;/ZOrigin&gt;&lt;ZScale&gt;10000&lt;/ZScale&gt;&lt;MOrigin&gt;-100000&lt;/MOrigin&gt;&lt;MScale&gt;10000&lt;/MScale&gt;&lt;XYTolerance&gt;0.001&lt;/XYTolerance&gt;&lt;ZTolerance&gt;0.001&lt;/ZTolerance&gt;&lt;MTolerance&gt;0.001&lt;/MTolerance&gt;&lt;HighPrecision&gt;true&lt;/HighPrecision&gt;&lt;WKID&gt;102100&lt;/WKID&gt;&lt;LatestWKID&gt;3857&lt;/LatestWKID&gt;&lt;/ProjectedCoordinateSystem&gt;</peXml></coordRef></DataProperties><SyncDate>20240506</SyncDate><SyncTime>10245900</SyncTime><ModDate>20240506</ModDate><ModTime>10245900</ModTime></Esri><dataIdInfo><envirDesc Sync="TRUE">Microsoft Windows 10 Version 10.0 (Build 22631) ; Esri ArcGIS 13.2.0.49743</envirDesc><dataLang><languageCode value="eng" Sync="TRUE"></languageCode><countryCode value="USA" Sync="TRUE"></countryCode></dataLang><idCitation><resTitle Sync="TRUE">dvroad_clip2</resTitle><presForm><PresFormCd value="005" Sync="TRUE"></PresFormCd></presForm></idCitation><spatRpType><SpatRepTypCd value="001" Sync="TRUE"></SpatRepTypCd></spatRpType></dataIdInfo><mdLang><languageCode value="eng" Sync="TRUE"></languageCode><countryCode value="USA" Sync="TRUE"></countryCode></mdLang><distInfo><distFormat><formatName Sync="TRUE">Shapefile</formatName></distFormat><distTranOps><transSize Sync="TRUE">0.000</transSize></distTranOps></distInfo><mdHrLv><ScopeCd value="005" Sync="TRUE"></ScopeCd></mdHrLv><mdHrLvName Sync="TRUE">dataset</mdHrLvName><refSysInfo><RefSystem><refSysID><identCode code="3857" Sync="TRUE"></identCode><idCodeSpace Sync="TRUE">EPSG</idCodeSpace><idVersion Sync="TRUE">6.18.3(9.3.1.2)</idVersion></refSysID></RefSystem></refSysInfo><spatRepInfo><VectSpatRep><geometObjs Name="dvroad_clip2"><geoObjTyp><GeoObjTypCd value="002" Sync="TRUE"></GeoObjTypCd></geoObjTyp><geoObjCnt Sync="TRUE">0</geoObjCnt></geometObjs><topLvl><TopoLevCd value="001" Sync="TRUE"></TopoLevCd></topLvl></VectSpatRep></spatRepInfo><spdoinfo><ptvctinf><esriterm Name="dvroad_clip2"><efeatyp Sync="TRUE">Simple</efeatyp><efeageom code="3" Sync="TRUE"></efeageom><esritopo Sync="TRUE">FALSE</esritopo><efeacnt Sync="TRUE">0</efeacnt><spindex Sync="TRUE">FALSE</spindex><linrefer Sync="TRUE">FALSE</linrefer></esriterm></ptvctinf></spdoinfo><eainfo><detailed Name="dvroad_clip2"><enttyp><enttypl Sync="TRUE">dvroad_clip2</enttypl><enttypt Sync="TRUE">Feature Class</enttypt><enttypc Sync="TRUE">0</enttypc></enttyp><attr><attrlabl Sync="TRUE">FID</attrlabl><attalias Sync="TRUE">FID</attalias><attrtype Sync="TRUE">OID</attrtype><attwidth Sync="TRUE">4</attwidth><atprecis Sync="TRUE">0</atprecis><attscale Sync="TRUE">0</attscale><attrdef Sync="TRUE">Internal feature number.</attrdef><attrdefs Sync="TRUE">Esri</attrdefs><attrdomv><udom Sync="TRUE">Sequential unique whole numbers that are automatically generated.</udom></attrdomv></attr><attr><attrlabl Sync="TRUE">Shape</attrlabl><attalias Sync="TRUE">Shape</attalias><attrtype Sync="TRUE">Geometry</attrtype><attwidth Sync="TRUE">0</attwidth><atprecis Sync="TRUE">0</atprecis><attscale Sync="TRUE">0</attscale><attrdef Sync="TRUE">Feature geometry.</attrdef><attrdefs Sync="TRUE">Esri</attrdefs><attrdomv><udom Sync="TRUE">Coordinates defining the features.</udom></attrdomv></attr><attr><attrlabl Sync="TRUE">ST_RT_NO</attrlabl><attalias Sync="TRUE">ST_RT_NO</attalias><attrtype Sync="TRUE">String</attrtype><attwidth Sync="TRUE">4</attwidth><atprecis Sync="TRUE">0</atprecis><attscale Sync="TRUE">0</attscale></attr><attr><attrlabl Sync="TRUE">CTY_CODE</attrlabl><attalias Sync="TRUE">CTY_CODE</attalias><attrtype Sync="TRUE">String</attrtype><attwidth Sync="TRUE">2</attwidth><atprecis Sync="TRUE">0</atprecis><attscale Sync="TRUE">0</attscale></attr><attr><attrlabl Sync="TRUE">DISTRICT_N</attrlabl><attalias Sync="TRUE">DISTRICT_N</attalias><attrtype Sync="TRUE">String</attrtype><attwidth Sync="TRUE">2</attwidth><atprecis Sync="TRUE">0</atprecis><attscale Sync="TRUE">0</attscale></attr><attr><attrlabl Sync="TRUE">JURIS</attrlabl><attalias Sync="TRUE">JURIS</attalias><attrtype Sync="TRUE">String</attrtype><attwidth Sync="TRUE">1</attwidth><atprecis Sync="TRUE">0</atprecis><attscale Sync="TRUE">0</attscale></attr><attr><attrlabl Sync="TRUE">SEG_NO</attrlabl><attalias Sync="TRUE">SEG_NO</attalias><attrtype Sync="TRUE">String</attrtype><attwidth Sync="TRUE">4</attwidth><atprecis Sync="TRUE">0</atprecis><attscale Sync="TRUE">0</attscale></attr><attr><attrlabl Sync="TRUE">SEG_LNGTH_</attrlabl><attalias Sync="TRUE">SEG_LNGTH_</attalias><attrtype Sync="TRUE">Double</attrtype><attwidth Sync="TRUE">19</attwidth><atprecis Sync="TRUE">0</atprecis><attscale Sync="TRUE">0</attscale></attr><attr><attrlabl Sync="TRUE">SEQ_NO</attrlabl><attalias Sync="TRUE">SEQ_NO</attalias><attrtype Sync="TRUE">Integer</attrtype><attwidth Sync="TRUE">10</attwidth><atprecis Sync="TRUE">10</atprecis><attscale Sync="TRUE">0</attscale></attr><attr><attrlabl Sync="TRUE">SUB_ROUTE</attrlabl><attalias Sync="TRUE">SUB_ROUTE</attalias><attrtype Sync="TRUE">Double</attrtype><attwidth Sync="TRUE">19</attwidth><atprecis Sync="TRUE">0</atprecis><attscale Sync="TRUE">0</attscale></attr><attr><attrlabl Sync="TRUE">YR_BUILT</attrlabl><attalias Sync="TRUE">YR_BUILT</attalias><attrtype Sync="TRUE">Double</attrtype><attwidth Sync="TRUE">19</attwidth><atprecis Sync="TRUE">0</atprecis><attscale Sync="TRUE">0</attscale></attr><attr><attrlabl Sync="TRUE">YR_RESURF</attrlabl><attalias Sync="TRUE">YR_RESURF</attalias><attrtype Sync="TRUE">Double</attrtype><attwidth Sync="TRUE">19</attwidth><atprecis Sync="TRUE">0</atprecis><attscale Sync="TRUE">0</attscale></attr><attr><attrlabl Sync="TRUE">DIR_IND</attrlabl><attalias Sync="TRUE">DIR_IND</attalias><attrtype Sync="TRUE">String</attrtype><attwidth Sync="TRUE">1</attwidth><atprecis Sync="TRUE">0</atprecis><attscale Sync="TRUE">0</attscale></attr><attr><attrlabl Sync="TRUE">FAC_TYPE</attrlabl><attalias Sync="TRUE">FAC_TYPE</attalias><attrtype Sync="TRUE">String</attrtype><attwidth Sync="TRUE">1</attwidth><atprecis Sync="TRUE">0</atprecis><attscale Sync="TRUE">0</attscale></attr><attr><attrlabl Sync="TRUE">TOTAL_WIDT</attrlabl><attalias Sync="TRUE">TOTAL_WIDT</attalias><attrtype Sync="TRUE">Double</attrtype><attwidth Sync="TRUE">19</attwidth><atprecis Sync="TRUE">0</atprecis><attscale Sync="TRUE">0</attscale></attr><attr><attrlabl Sync="TRUE">SURF_TYPE</attrlabl><attalias Sync="TRUE">SURF_TYPE</attalias><attrtype Sync="TRUE">String</attrtype><attwidth Sync="TRUE">2</attwidth><atprecis Sync="TRUE">0</atprecis><attscale Sync="TRUE">0</attscale></attr><attr><attrlabl Sync="TRUE">LANE_CNT</attrlabl><attalias Sync="TRUE">LANE_CNT</attalias><attrtype Sync="TRUE">Double</attrtype><attwidth Sync="TRUE">19</attwidth><atprecis Sync="TRUE">0</atprecis><attscale Sync="TRUE">0</attscale></attr><attr><attrlabl Sync="TRUE">PARK_LANE</attrlabl><attalias Sync="TRUE">PARK_LANE</attalias><attrtype Sync="TRUE">String</attrtype><attwidth Sync="TRUE">1</attwidth><atprecis Sync="TRUE">0</atprecis><attscale Sync="TRUE">0</attscale></attr><attr><attrlabl Sync="TRUE">DIVSR_TYPE</attrlabl><attalias Sync="TRUE">DIVSR_TYPE</attalias><attrtype Sync="TRUE">String</attrtype><attwidth Sync="TRUE">1</attwidth><atprecis Sync="TRUE">0</atprecis><attscale Sync="TRUE">0</attscale></attr><attr><attrlabl Sync="TRUE">DIVSR_WIDT</attrlabl><attalias Sync="TRUE">DIVSR_WIDT</attalias><attrtype Sync="TRUE">Double</attrtype><attwidth Sync="TRUE">19</attwidth><atprecis Sync="TRUE">0</atprecis><attscale Sync="TRUE">0</attscale></attr><attr><attrlabl Sync="TRUE">COND_DATE</attrlabl><attalias Sync="TRUE">COND_DATE</attalias><attrtype Sync="TRUE">String</attrtype><attwidth Sync="TRUE">8</attwidth><atprecis Sync="TRUE">0</atprecis><attscale Sync="TRUE">0</attscale></attr><attr><attrlabl Sync="TRUE">ROUGH_INDX</attrlabl><attalias Sync="TRUE">ROUGH_INDX</attalias><attrtype Sync="TRUE">Double</attrtype><attwidth Sync="TRUE">19</attwidth><atprecis Sync="TRUE">0</atprecis><attscale Sync="TRUE">0</attscale></attr><attr><attrlabl Sync="TRUE">PVMNT_COND</attrlabl><attalias Sync="TRUE">PVMNT_COND</attalias><attrtype Sync="TRUE">Double</attrtype><attwidth Sync="TRUE">19</attwidth><atprecis Sync="TRUE">0</atprecis><attscale Sync="TRUE">0</attscale></attr><attr><attrlabl Sync="TRUE">CUR_AADT</attrlabl><attalias Sync="TRUE">CUR_AADT</attalias><attrtype Sync="TRUE">Integer</attrtype><attwidth Sync="TRUE">10</attwidth><atprecis Sync="TRUE">10</atprecis><attscale Sync="TRUE">0</attscale></attr><attr><attrlabl Sync="TRUE">ACCESS_CTR</attrlabl><attalias Sync="TRUE">ACCESS_CTR</attalias><attrtype Sync="TRUE">String</attrtype><attwidth Sync="TRUE">1</attwidth><atprecis Sync="TRUE">0</atprecis><attscale Sync="TRUE">0</attscale></attr><attr><attrlabl Sync="TRUE">TOLL_CODE</attrlabl><attalias Sync="TRUE">TOLL_CODE</attalias><attrtype Sync="TRUE">String</attrtype><attwidth Sync="TRUE">1</attwidth><atprecis Sync="TRUE">0</atprecis><attscale Sync="TRUE">0</attscale></attr><attr><attrlabl Sync="TRUE">STREET_NAM</attrlabl><attalias Sync="TRUE">STREET_NAM</attalias><attrtype Sync="TRUE">String</attrtype><attwidth Sync="TRUE">25</attwidth><atprecis Sync="TRUE">0</atprecis><attscale Sync="TRUE">0</attscale></attr><attr><attrlabl Sync="TRUE">TRAF_RT_NO</attrlabl><attalias Sync="TRUE">TRAF_RT_NO</attalias><attrtype Sync="TRUE">String</attrtype><attwidth Sync="TRUE">2</attwidth><atprecis Sync="TRUE">0</atprecis><attscale Sync="TRUE">0</attscale></attr><attr><attrlabl Sync="TRUE">TRAF_RT__1</attrlabl><attalias Sync="TRUE">TRAF_RT__1</attalias><attrtype Sync="TRUE">String</attrtype><attwidth Sync="TRUE">3</attwidth><atprecis Sync="TRUE">0</atprecis><attscale Sync="TRUE">0</attscale></attr><attr><attrlabl Sync="TRUE">TRAF_RT__2</attrlabl><attalias Sync="TRUE">TRAF_RT__2</attalias><attrtype Sync="TRUE">String</attrtype><attwidth Sync="TRUE">1</attwidth><atprecis Sync="TRUE">0</atprecis><attscale Sync="TRUE">0</attscale></attr><attr><attrlabl Sync="TRUE">BGN_DESC</attrlabl><attalias Sync="TRUE">BGN_DESC</attalias><attrtype Sync="TRUE">String</attrtype><attwidth Sync="TRUE">20</attwidth><atprecis Sync="TRUE">0</atprecis><attscale Sync="TRUE">0</attscale></attr><attr><attrlabl Sync="TRUE">END_DESC</attrlabl><attalias Sync="TRUE">END_DESC</attalias><attrtype Sync="TRUE">String</attrtype><attwidth Sync="TRUE">20</attwidth><atprecis Sync="TRUE">0</atprecis><attscale Sync="TRUE">0</attscale></attr><attr><attrlabl Sync="TRUE">MAINT_RESP</attrlabl><attalias Sync="TRUE">MAINT_RESP</attalias><attrtype Sync="TRUE">String</attrtype><attwidth Sync="TRUE">2</attwidth><atprecis Sync="TRUE">0</atprecis><attscale Sync="TRUE">0</attscale></attr><attr><attrlabl Sync="TRUE">URBAN_RURA</attrlabl><attalias Sync="TRUE">URBAN_RURA</attalias><attrtype Sync="TRUE">String</attrtype><attwidth Sync="TRUE">1</attwidth><atprecis Sync="TRUE">0</atprecis><attscale Sync="TRUE">0</attscale></attr><attr><attrlabl Sync="TRUE">NHS_IND</attrlabl><attalias Sync="TRUE">NHS_IND</attalias><attrtype Sync="TRUE">String</attrtype><attwidth Sync="TRUE">1</attwidth><atprecis Sync="TRUE">0</atprecis><attscale Sync="TRUE">0</attscale></attr><attr><attrlabl Sync="TRUE">TANDEM_TRL</attrlabl><attalias Sync="TRUE">TANDEM_TRL</attalias><attrtype Sync="TRUE">String</attrtype><attwidth Sync="TRUE">1</attwidth><atprecis Sync="TRUE">0</atprecis><attscale Sync="TRUE">0</attscale></attr><attr><attrlabl Sync="TRUE">ACCESS_TAN</attrlabl><attalias Sync="TRUE">ACCESS_TAN</attalias><attrtype Sync="TRUE">String</attrtype><attwidth Sync="TRUE">1</attwidth><atprecis Sync="TRUE">0</atprecis><attscale Sync="TRUE">0</attscale></attr><attr><attrlabl Sync="TRUE">INTERST_NE</attrlabl><attalias Sync="TRUE">INTERST_NE</attalias><attrtype Sync="TRUE">String</attrtype><attwidth Sync="TRUE">1</attwidth><atprecis Sync="TRUE">0</atprecis><attscale Sync="TRUE">0</attscale></attr><attr><attrlabl Sync="TRUE">NHPN_IND</attrlabl><attalias Sync="TRUE">NHPN_IND</attalias><attrtype Sync="TRUE">String</attrtype><attwidth Sync="TRUE">1</attwidth><atprecis Sync="TRUE">0</atprecis><attscale Sync="TRUE">0</attscale></attr><attr><attrlabl Sync="TRUE">NORM_ADMIN</attrlabl><attalias Sync="TRUE">NORM_ADMIN</attalias><attrtype Sync="TRUE">String</attrtype><attwidth Sync="TRUE">8</attwidth><atprecis Sync="TRUE">0</atprecis><attscale Sync="TRUE">0</attscale></attr><attr><attrlabl Sync="TRUE">NORM_TRAFF</attrlabl><attalias Sync="TRUE">NORM_TRAFF</attalias><attrtype Sync="TRUE">String</attrtype><attwidth Sync="TRUE">8</attwidth><atprecis Sync="TRUE">0</atprecis><attscale Sync="TRUE">0</attscale></attr><attr><attrlabl Sync="TRUE">NORM_SHLD_</attrlabl><attalias Sync="TRUE">NORM_SHLD_</attalias><attrtype Sync="TRUE">String</attrtype><attwidth Sync="TRUE">8</attwidth><atprecis Sync="TRUE">0</atprecis><attscale Sync="TRUE">0</attscale></attr><attr><attrlabl Sync="TRUE">MAPID</attrlabl><attalias Sync="TRUE">MAPID</attalias><attrtype Sync="TRUE">Integer</attrtype><attwidth Sync="TRUE">10</attwidth><atprecis Sync="TRUE">10</atprecis><attscale Sync="TRUE">0</attscale></attr><attr><attrlabl Sync="TRUE">NLF_ID</attrlabl><attalias Sync="TRUE">NLF_ID</attalias><attrtype Sync="TRUE">Integer</attrtype><attwidth Sync="TRUE">10</attwidth><atprecis Sync="TRUE">10</atprecis><attscale Sync="TRUE">0</attscale></attr><attr><attrlabl Sync="TRUE">SIDE_IND</attrlabl><attalias Sync="TRUE">SIDE_IND</attalias><attrtype Sync="TRUE">String</attrtype><attwidth Sync="TRUE">1</attwidth><atprecis Sync="TRUE">0</atprecis><attscale Sync="TRUE">0</attscale></attr><attr><attrlabl Sync="TRUE">NLF_CNTL_B</attrlabl><attalias Sync="TRUE">NLF_CNTL_B</attalias><attrtype Sync="TRUE">Double</attrtype><attwidth Sync="TRUE">19</attwidth><atprecis Sync="TRUE">0</atprecis><attscale Sync="TRUE">0</attscale></attr><attr><attrlabl Sync="TRUE">NLF_CNTL_E</attrlabl><attalias Sync="TRUE">NLF_CNTL_E</attalias><attrtype Sync="TRUE">Double</attrtype><attwidth Sync="TRUE">19</attwidth><atprecis Sync="TRUE">0</atprecis><attscale Sync="TRUE">0</attscale></attr><attr><attrlabl Sync="TRUE">CUM_OFFSET</attrlabl><attalias Sync="TRUE">CUM_OFFSET</attalias><attrtype Sync="TRUE">Double</attrtype><attwidth Sync="TRUE">19</attwidth><atprecis Sync="TRUE">0</atprecis><attscale Sync="TRUE">0</attscale></attr><attr><attrlabl Sync="TRUE">CUM_OFFS_1</attrlabl><attalias Sync="TRUE">CUM_OFFS_1</attalias><attrtype Sync="TRUE">Double</attrtype><attwidth Sync="TRUE">19</attwidth><atprecis Sync="TRUE">0</atprecis><attscale Sync="TRUE">0</attscale></attr><attr><attrlabl Sync="TRUE">X_VALUE_BG</attrlabl><attalias Sync="TRUE">X_VALUE_BG</attalias><attrtype Sync="TRUE">String</attrtype><attwidth Sync="TRUE">15</attwidth><atprecis Sync="TRUE">0</atprecis><attscale Sync="TRUE">0</attscale></attr><attr><attrlabl Sync="TRUE">Y_VALUE_BG</attrlabl><attalias Sync="TRUE">Y_VALUE_BG</attalias><attrtype Sync="TRUE">String</attrtype><attwidth Sync="TRUE">15</attwidth><atprecis Sync="TRUE">0</atprecis><attscale Sync="TRUE">0</attscale></attr><attr><attrlabl Sync="TRUE">X_VALUE_EN</attrlabl><attalias Sync="TRUE">X_VALUE_EN</attalias><attrtype Sync="TRUE">String</attrtype><attwidth Sync="TRUE">15</attwidth><atprecis Sync="TRUE">0</atprecis><attscale Sync="TRUE">0</attscale></attr><attr><attrlabl Sync="TRUE">Y_VALUE_EN</attrlabl><attalias Sync="TRUE">Y_VALUE_EN</attalias><attrtype Sync="TRUE">String</attrtype><attwidth Sync="TRUE">15</attwidth><atprecis Sync="TRUE">0</atprecis><attscale Sync="TRUE">0</attscale></attr><attr><attrlabl Sync="TRUE">GRAPHIC_LE</attrlabl><attalias Sync="TRUE">GRAPHIC_LE</attalias><attrtype Sync="TRUE">Double</attrtype><attwidth Sync="TRUE">19</attwidth><atprecis Sync="TRUE">0</atprecis><attscale Sync="TRUE">0</attscale></attr><attr><attrlabl Sync="TRUE">KEY_UPDATE</attrlabl><attalias Sync="TRUE">KEY_UPDATE</attalias><attrtype Sync="TRUE">String</attrtype><attwidth Sync="TRUE">8</attwidth><atprecis Sync="TRUE">0</atprecis><attscale Sync="TRUE">0</attscale></attr><attr><attrlabl Sync="TRUE">ATTR_UPDAT</attrlabl><attalias Sync="TRUE">ATTR_UPDAT</attalias><attrtype Sync="TRUE">String</attrtype><attwidth Sync="TRUE">8</attwidth><atprecis Sync="TRUE">0</atprecis><attscale Sync="TRUE">0</attscale></attr><attr><attrlabl Sync="TRUE">OVERALL_PV</attrlabl><attalias Sync="TRUE">OVERALL_PV</attalias><attrtype Sync="TRUE">Double</attrtype><attwidth Sync="TRUE">19</attwidth><atprecis Sync="TRUE">0</atprecis><attscale Sync="TRUE">0</attscale></attr><attr><attrlabl Sync="TRUE">SEG_STATUS</attrlabl><attalias Sync="TRUE">SEG_STATUS</attalias><attrtype Sync="TRUE">String</attrtype><attwidth Sync="TRUE">1</attwidth><atprecis Sync="TRUE">0</atprecis><attscale Sync="TRUE">0</attscale></attr><attr><attrlabl Sync="TRUE">PAVMT_CYCL</attrlabl><attalias Sync="TRUE">PAVMT_CYCL</attalias><attrtype Sync="TRUE">Double</attrtype><attwidth Sync="TRUE">19</attwidth><atprecis Sync="TRUE">0</atprecis><attscale Sync="TRUE">0</attscale></attr><attr><attrlabl Sync="TRUE">DRAIN_CYCL</attrlabl><attalias Sync="TRUE">DRAIN_CYCL</attalias><attrtype Sync="TRUE">Double</attrtype><attwidth Sync="TRUE">19</attwidth><atprecis Sync="TRUE">0</atprecis><attscale Sync="TRUE">0</attscale></attr><attr><attrlabl Sync="TRUE">GDRAIL_CYC</attrlabl><attalias Sync="TRUE">GDRAIL_CYC</attalias><attrtype Sync="TRUE">Double</attrtype><attwidth Sync="TRUE">19</attwidth><atprecis Sync="TRUE">0</atprecis><attscale Sync="TRUE">0</attscale></attr><attr><attrlabl Sync="TRUE">DISTRICT_S</attrlabl><attalias Sync="TRUE">DISTRICT_S</attalias><attrtype Sync="TRUE">String</attrtype><attwidth Sync="TRUE">1</attwidth><atprecis Sync="TRUE">0</atprecis><attscale Sync="TRUE">0</attscale></attr><attr><attrlabl Sync="TRUE">TRT_TYPE_N</attrlabl><attalias Sync="TRUE">TRT_TYPE_N</attalias><attrtype Sync="TRUE">String</attrtype><attwidth Sync="TRUE">1</attwidth><atprecis Sync="TRUE">0</atprecis><attscale Sync="TRUE">0</attscale></attr><attr><attrlabl Sync="TRUE">PA_BYWAY_I</attrlabl><attalias Sync="TRUE">PA_BYWAY_I</attalias><attrtype Sync="TRUE">String</attrtype><attwidth Sync="TRUE">1</attwidth><atprecis Sync="TRUE">0</atprecis><attscale Sync="TRUE">0</attscale></attr><attr><attrlabl Sync="TRUE">STREET_N_1</attrlabl><attalias Sync="TRUE">STREET_N_1</attalias><attrtype Sync="TRUE">String</attrtype><attwidth Sync="TRUE">25</attwidth><atprecis Sync="TRUE">0</atprecis><attscale Sync="TRUE">0</attscale></attr><attr><attrlabl Sync="TRUE">TRAF_RT__3</attrlabl><attalias Sync="TRUE">TRAF_RT__3</attalias><attrtype Sync="TRUE">String</attrtype><attwidth Sync="TRUE">2</attwidth><atprecis Sync="TRUE">0</atprecis><attscale Sync="TRUE">0</attscale></attr><attr><attrlabl Sync="TRUE">TRAF_RT__4</attrlabl><attalias Sync="TRUE">TRAF_RT__4</attalias><attrtype Sync="TRUE">String</attrtype><attwidth Sync="TRUE">3</attwidth><atprecis Sync="TRUE">0</atprecis><attscale Sync="TRUE">0</attscale></attr><attr><attrlabl Sync="TRUE">TRAF_RT__5</attrlabl><attalias Sync="TRUE">TRAF_RT__5</attalias><attrtype Sync="TRUE">String</attrtype><attwidth Sync="TRUE">1</attwidth><atprecis Sync="TRUE">0</atprecis><attscale Sync="TRUE">0</attscale></attr><attr><attrlabl Sync="TRUE">STREET_N_2</attrlabl><attalias Sync="TRUE">STREET_N_2</attalias><attrtype Sync="TRUE">String</attrtype><attwidth Sync="TRUE">25</attwidth><atprecis Sync="TRUE">0</atprecis><attscale Sync="TRUE">0</attscale></attr><attr><attrlabl Sync="TRUE">TRAF_RT__6</attrlabl><attalias Sync="TRUE">TRAF_RT__6</attalias><attrtype Sync="TRUE">String</attrtype><attwidth Sync="TRUE">2</attwidth><atprecis Sync="TRUE">0</atprecis><attscale Sync="TRUE">0</attscale></attr><attr><attrlabl Sync="TRUE">TRAF_RT__7</attrlabl><attalias Sync="TRUE">TRAF_RT__7</attalias><attrtype Sync="TRUE">String</attrtype><attwidth Sync="TRUE">3</attwidth><atprecis Sync="TRUE">0</atprecis><attscale Sync="TRUE">0</attscale></attr><attr><attrlabl Sync="TRUE">TRAF_RT__8</attrlabl><attalias Sync="TRUE">TRAF_RT__8</attalias><attrtype Sync="TRUE">String</attrtype><attwidth Sync="TRUE">1</attwidth><atprecis Sync="TRUE">0</atprecis><attscale Sync="TRUE">0</attscale></attr><attr><attrlabl Sync="TRUE">TRXN_FLAG</attrlabl><attalias Sync="TRUE">TRXN_FLAG</attalias><attrtype Sync="TRUE">String</attrtype><attwidth Sync="TRUE">1</attwidth><atprecis Sync="TRUE">0</atprecis><attscale Sync="TRUE">0</attscale></attr><attr><attrlabl Sync="TRUE">ROUTE_DIR</attrlabl><attalias Sync="TRUE">ROUTE_DIR</attalias><attrtype Sync="TRUE">String</attrtype><attwidth Sync="TRUE">1</attwidth><atprecis Sync="TRUE">0</atprecis><attscale Sync="TRUE">0</attscale></attr><attr><attrlabl Sync="TRUE">BUS_PLAN_N</attrlabl><attalias Sync="TRUE">BUS_PLAN_N</attalias><attrtype Sync="TRUE">String</attrtype><attwidth Sync="TRUE">1</attwidth><atprecis Sync="TRUE">0</atprecis><attscale Sync="TRUE">0</attscale></attr><attr><attrlabl Sync="TRUE">EXP_WAY_NE</attrlabl><attalias Sync="TRUE">EXP_WAY_NE</attalias><attrtype Sync="TRUE">String</attrtype><attwidth Sync="TRUE">1</attwidth><atprecis Sync="TRUE">0</atprecis><attscale Sync="TRUE">0</attscale></attr><attr><attrlabl Sync="TRUE">HPMS_SAMP_</attrlabl><attalias Sync="TRUE">HPMS_SAMP_</attalias><attrtype Sync="TRUE">Integer</attrtype><attwidth Sync="TRUE">10</attwidth><atprecis Sync="TRUE">10</atprecis><attscale Sync="TRUE">0</attscale></attr><attr><attrlabl Sync="TRUE">MILE_POINT</attrlabl><attalias Sync="TRUE">MILE_POINT</attalias><attrtype Sync="TRUE">String</attrtype><attwidth Sync="TRUE">5</attwidth><atprecis Sync="TRUE">0</atprecis><attscale Sync="TRUE">0</attscale></attr><attr><attrlabl Sync="TRUE">IS_STRUCTU</attrlabl><attalias Sync="TRUE">IS_STRUCTU</attalias><attrtype Sync="TRUE">Integer</attrtype><attwidth Sync="TRUE">10</attwidth><atprecis Sync="TRUE">10</atprecis><attscale Sync="TRUE">0</attscale></attr><attr><attrlabl Sync="TRUE">GOVT_LVL_C</attrlabl><attalias Sync="TRUE">GOVT_LVL_C</attalias><attrtype Sync="TRUE">Integer</attrtype><attwidth Sync="TRUE">10</attwidth><atprecis Sync="TRUE">10</atprecis><attscale Sync="TRUE">0</attscale></attr><attr><attrlabl Sync="TRUE">HOV_TYPE</attrlabl><attalias Sync="TRUE">HOV_TYPE</attalias><attrtype Sync="TRUE">Integer</attrtype><attwidth Sync="TRUE">10</attwidth><atprecis Sync="TRUE">10</atprecis><attscale Sync="TRUE">0</attscale></attr><attr><attrlabl Sync="TRUE">HOV_LANES</attrlabl><attalias Sync="TRUE">HOV_LANES</attalias><attrtype Sync="TRUE">Integer</attrtype><attwidth Sync="TRUE">10</attwidth><atprecis Sync="TRUE">10</atprecis><attscale Sync="TRUE">0</attscale></attr><attr><attrlabl Sync="TRUE">PAR_SEG_IN</attrlabl><attalias Sync="TRUE">PAR_SEG_IN</attalias><attrtype Sync="TRUE">String</attrtype><attwidth Sync="TRUE">1</attwidth><atprecis Sync="TRUE">0</atprecis><attscale Sync="TRUE">0</attscale></attr><attr><attrlabl Sync="TRUE">HPMS_DIVSR</attrlabl><attalias Sync="TRUE">HPMS_DIVSR</attalias><attrtype Sync="TRUE">String</attrtype><attwidth Sync="TRUE">1</attwidth><atprecis Sync="TRUE">0</atprecis><attscale Sync="TRUE">0</attscale></attr><attr><attrlabl Sync="TRUE">IRI_CUR_FL</attrlabl><attalias Sync="TRUE">IRI_CUR_FL</attalias><attrtype Sync="TRUE">String</attrtype><attwidth Sync="TRUE">1</attwidth><atprecis Sync="TRUE">0</atprecis><attscale Sync="TRUE">0</attscale></attr><attr><attrlabl Sync="TRUE">DRAIN_SWT</attrlabl><attalias Sync="TRUE">DRAIN_SWT</attalias><attrtype Sync="TRUE">String</attrtype><attwidth Sync="TRUE">1</attwidth><atprecis Sync="TRUE">0</atprecis><attscale Sync="TRUE">0</attscale></attr><attr><attrlabl Sync="TRUE">GDRAIL_SWT</attrlabl><attalias Sync="TRUE">GDRAIL_SWT</attalias><attrtype Sync="TRUE">String</attrtype><attwidth Sync="TRUE">1</attwidth><atprecis Sync="TRUE">0</atprecis><attscale Sync="TRUE">0</attscale></attr><attr><attrlabl Sync="TRUE">PAVMT_SWT</attrlabl><attalias Sync="TRUE">PAVMT_SWT</attalias><attrtype Sync="TRUE">String</attrtype><attwidth Sync="TRUE">1</attwidth><atprecis Sync="TRUE">0</atprecis><attscale Sync="TRUE">0</attscale></attr><attr><attrlabl Sync="TRUE">SHLD_COND_</attrlabl><attalias Sync="TRUE">SHLD_COND_</attalias><attrtype Sync="TRUE">String</attrtype><attwidth Sync="TRUE">1</attwidth><atprecis Sync="TRUE">0</atprecis><attscale Sync="TRUE">0</attscale></attr><attr><attrlabl Sync="TRUE">FED_AID_PR</attrlabl><attalias Sync="TRUE">FED_AID_PR</attalias><attrtype Sync="TRUE">String</attrtype><attwidth Sync="TRUE">1</attwidth><atprecis Sync="TRUE">0</atprecis><attscale Sync="TRUE">0</attscale></attr><attr><attrlabl Sync="TRUE">DRAIN_CNT</attrlabl><attalias Sync="TRUE">DRAIN_CNT</attalias><attrtype Sync="TRUE">Double</attrtype><attwidth Sync="TRUE">19</attwidth><atprecis Sync="TRUE">0</atprecis><attscale Sync="TRUE">0</attscale></attr><attr><attrlabl Sync="TRUE">GDRAIL_CNT</attrlabl><attalias Sync="TRUE">GDRAIL_CNT</attalias><attrtype Sync="TRUE">Double</attrtype><attwidth Sync="TRUE">19</attwidth><atprecis Sync="TRUE">0</atprecis><attscale Sync="TRUE">0</attscale></attr><attr><attrlabl Sync="TRUE">PVMNT_TRTM</attrlabl><attalias Sync="TRUE">PVMNT_TRTM</attalias><attrtype Sync="TRUE">String</attrtype><attwidth Sync="TRUE">2</attwidth><atprecis Sync="TRUE">0</atprecis><attscale Sync="TRUE">0</attscale></attr><attr><attrlabl Sync="TRUE">PVMNT_IND</attrlabl><attalias Sync="TRUE">PVMNT_IND</attalias><attrtype Sync="TRUE">String</attrtype><attwidth Sync="TRUE">1</attwidth><atprecis Sync="TRUE">0</atprecis><attscale Sync="TRUE">0</attscale></attr><attr><attrlabl Sync="TRUE">IRI_YEAR</attrlabl><attalias Sync="TRUE">IRI_YEAR</attalias><attrtype Sync="TRUE">String</attrtype><attwidth Sync="TRUE">4</attwidth><atprecis Sync="TRUE">0</atprecis><attscale Sync="TRUE">0</attscale></attr><attr><attrlabl Sync="TRUE">OPI_YEAR</attrlabl><attalias Sync="TRUE">OPI_YEAR</attalias><attrtype Sync="TRUE">String</attrtype><attwidth Sync="TRUE">4</attwidth><atprecis Sync="TRUE">0</atprecis><attscale Sync="TRUE">0</attscale></attr><attr><attrlabl Sync="TRUE">IRI_RATING</attrlabl><attalias Sync="TRUE">IRI_RATING</attalias><attrtype Sync="TRUE">String</attrtype><attwidth Sync="TRUE">9</attwidth><atprecis Sync="TRUE">0</atprecis><attscale Sync="TRUE">0</attscale></attr><attr><attrlabl Sync="TRUE">OPI_RATING</attrlabl><attalias Sync="TRUE">OPI_RATING</attalias><attrtype Sync="TRUE">String</attrtype><attwidth Sync="TRUE">9</attwidth><atprecis Sync="TRUE">0</atprecis><attscale Sync="TRUE">0</attscale></attr><attr><attrlabl Sync="TRUE">SURFACE_YE</attrlabl><attalias Sync="TRUE">SURFACE_YE</attalias><attrtype Sync="TRUE">String</attrtype><attwidth Sync="TRUE">4</attwidth><atprecis Sync="TRUE">0</atprecis><attscale Sync="TRUE">0</attscale></attr><attr><attrlabl Sync="TRUE">SEGMENT_MI</attrlabl><attalias Sync="TRUE">SEGMENT_MI</attalias><attrtype Sync="TRUE">Double</attrtype><attwidth Sync="TRUE">19</attwidth><atprecis Sync="TRUE">0</atprecis><attscale Sync="TRUE">0</attscale></attr><attr><attrlabl Sync="TRUE">LANE_MILES</attrlabl><attalias Sync="TRUE">LANE_MILES</attalias><attrtype Sync="TRUE">Double</attrtype><attwidth Sync="TRUE">19</attwidth><atprecis Sync="TRUE">0</atprecis><attscale Sync="TRUE">0</attscale></attr><attr><attrlabl Sync="TRUE">CYCLE_MAIN</attrlabl><attalias Sync="TRUE">CYCLE_MAIN</attalias><attrtype Sync="TRUE">String</attrtype><attwidth Sync="TRUE">2</attwidth><atprecis Sync="TRUE">0</atprecis><attscale Sync="TRUE">0</attscale></attr><attr><attrlabl Sync="TRUE">BIKE_LANE</attrlabl><attalias Sync="TRUE">BIKE_LANE</attalias><attrtype Sync="TRUE">String</attrtype><attwidth Sync="TRUE">1</attwidth><atprecis Sync="TRUE">0</atprecis><attscale Sync="TRUE">0</attscale></attr><attr><attrlabl Sync="TRUE">GIS_UPDATE</attrlabl><attalias Sync="TRUE">GIS_UPDATE</attalias><attrtype Sync="TRUE">Date</attrtype><attwidth Sync="TRUE">8</attwidth><atprecis Sync="TRUE">0</atprecis><attscale Sync="TRUE">0</attscale></attr><attr><attrlabl Sync="TRUE">GIS_GEOMET</attrlabl><attalias Sync="TRUE">GIS_GEOMET</attalias><attrtype Sync="TRUE">Date</attrtype><attwidth Sync="TRUE">8</attwidth><atprecis Sync="TRUE">0</atprecis><attscale Sync="TRUE">0</attscale></attr><attr><attrlabl Sync="TRUE">GPID</attrlabl><attalias Sync="TRUE">GPID</attalias><attrtype Sync="TRUE">Integer</attrtype><attwidth Sync="TRUE">10</attwidth><atprecis Sync="TRUE">10</atprecis><attscale Sync="TRUE">0</attscale></attr><attr><attrlabl Sync="TRUE">LEN</attrlabl><attalias Sync="TRUE">LEN</attalias><attrtype Sync="TRUE">Double</attrtype><attwidth Sync="TRUE">19</attwidth><atprecis Sync="TRUE">0</atprecis><attscale Sync="TRUE">0</attscale></attr><attr><attrlabl Sync="TRUE">Shape_Leng</attrlabl><attalias Sync="TRUE">Shape_Leng</attalias><attrtype Sync="TRUE">Double</attrtype><attwidth Sync="TRUE">19</attwidth><atprecis Sync="TRUE">0</atprecis><attscale Sync="TRUE">0</attscale></attr><attr><attrlabl Sync="TRUE">Shape_Le_1</attrlabl><attalias Sync="TRUE">Shape_Le_1</attalias><attrtype Sync="TRUE">Double</attrtype><attwidth Sync="TRUE">19</attwidth><atprecis Sync="TRUE">0</atprecis><attscale Sync="TRUE">0</attscale></attr></detailed></eainfo><mdDateSt Sync="TRUE">20240506</mdDateSt></metadata>
